osm_id,name,building_type,height_m,levels,height_basis
way/1497706119,,grandstand,8.0,0,看台，按 8 m 估算
way/1497708669,,school,16.0,5,按教学实训楼默认 5 层估算
way/1497708670,,school,16.0,5,按教学实训楼默认 5 层估算
way/1497708671,,school,16.0,5,按教学实训楼默认 5 层估算
way/1497708672,,school,16.0,5,按教学实训楼默认 5 层估算
way/1497712889,,school,16.0,5,按教学实训楼默认 5 层估算
way/1497712894,,school,16.0,5,按教学实训楼默认 5 层估算
way/1497712897,,school,16.0,5,按教学实训楼默认 5 层估算
way/1497712898,,school,16.0,5,按教学实训楼默认 5 层估算
way/1497712899,,school,16.0,5,按教学实训楼默认 5 层估算
way/1497712900,,school,16.0,5,按教学实训楼默认 5 层估算
way/1497712901,,school,16.0,5,按教学实训楼默认 5 层估算
way/1497712902,,school,16.0,5,按教学实训楼默认 5 层估算
way/1497712911,,school,16.0,5,按教学实训楼默认 5 层估算
way/1497712918,,school,16.0,5,按教学实训楼默认 5 层估算
way/1497712919,,yes,12.8,4,按通用建筑默认 4 层估算
way/1497712922,学生公寓1号楼,yes,19.2,6,按学生公寓默认 6 层估算
way/1497712923,学生公寓2号楼,yes,19.2,6,按学生公寓默认 6 层估算
way/1497712924,学生公寓3号楼,yes,19.2,6,按学生公寓默认 6 层估算
way/1497712925,学生公寓4号楼,yes,19.2,6,按学生公寓默认 6 层估算
way/1497712926,学生公寓5号楼,yes,19.2,6,按学生公寓默认 6 层估算
way/1497712927,学生公寓6号楼,yes,19.2,6,按学生公寓默认 6 层估算
way/1497712928,学生公寓7号楼,yes,19.2,6,按学生公寓默认 6 层估算
way/1497712929,学生公寓8号楼,yes,19.2,6,按学生公寓默认 6 层估算
way/1497712930,学生公寓9号楼,yes,19.2,6,按学生公寓默认 6 层估算
way/1497758057,,school,16.0,5,按教学实训楼默认 5 层估算
